architecture,accuracy_test_1273,groq_calls_per_q,pareto_status
NoRAG,0.7737627651217597,1.0,frontier
Naive,0.7572663000785546,1.0,DOMINATED
Sparse,0.7580518460329929,1.0,DOMINATED
Hybrid,0.7659073055773763,1.0,DOMINATED
MultiHop,0.795758051846033,3.0,frontier
Adaptive_A,0.786331500392773,1.8059701492537314,frontier
Adaptive_B,0.7831893165750197,2.424980361351139,DOMINATED
